filename,target
20151103_184531.jpg,1
20151102_112950.jpg,0
20151102_015439.jpg,1
20151103_074016.jpg,0
20151102_125541.jpg,0
20151103_211008.jpg,1
20151103_054934.jpg,1
20151102_121045.jpg,0
20151102_192549.jpg,1
20151108_093613.jpg,0
20151102_120525.jpg,0
20151108_175550.jpg,1
20151102_144940.jpg,1
20151102_215224.jpg,1
20151102_052230.jpg,1
20151103_052318.jpg,1
20151119_061617.jpg,0
20151102_115049.jpg,1
20151102_051034.jpg,1
20151102_150940.jpg,0
20151102_060150.jpg,0
20151105_061058.jpg,0
20151105_021112.jpg,1
20151103_081125.jpg,0
20151120_201632.jpg,1
20151108_060139.jpg,1
20151101_072044.jpg,1
20151120_164546.jpg,1
20151102_010141.jpg,1
20151102_050533.jpg,1
20151102_000425.jpg,1
20151102_214129.jpg,1
20151101_230541.jpg,1
20151103_225331.jpg,1
20151102_010455.jpg,1
20151108_142621.jpg,0
20151108_080556.jpg,0
20151105_004106.jpg,1
20151105_221115.jpg,1
20151102_140448.jpg,0
20151102_095330.jpg,0
20151108_083054.jpg,1
20151102_015324.jpg,1
20151102_054129.jpg,1
20151102_020944.jpg,1
20151103_101539.jpg,0
20151108_233201.jpg,1
20151102_111124.jpg,0
20151102_101940.jpg,1
20151103_054123.jpg,1
20151108_203121.jpg,0
20151103_084034.jpg,0
20151102_075511.jpg,0
20151107_084400.jpg,0
20151108_182530.jpg,0
20151104_184524.jpg,1
20151102_204033.jpg,1
20151120_071628.jpg,0
20151102_165224.jpg,1
20151103_081525.jpg,0
20151108_190845.jpg,1
20151103_091126.jpg,0
20151102_175445.jpg,1
20151104_084528.jpg,0
20151102_055500.jpg,1
20151102_065042.jpg,1
20151102_084014.jpg,0
20151108_230203.jpg,1
20151102_170537.jpg,1
20151104_144530.jpg,0
20151101_105513.jpg,1
20151102_211520.jpg,1
20151102_085946.jpg,0
20151102_140152.jpg,0
20151103_194134.jpg,1
20151116_182233.jpg,1
20151102_190100.jpg,0
20151120_214605.jpg,1
20151109_035534.jpg,1
20151102_002051.jpg,0
20151109_133142.jpg,0
20151102_044131.jpg,1
20151109_113146.jpg,0
20151102_064442.jpg,0
20151102_094131.jpg,0
20151105_194055.jpg,1
20151102_064007.jpg,0
20151102_181932.jpg,0
20151103_044539.jpg,1
20151102_141415.jpg,0
20151108_135611.jpg,0
20151102_113120.jpg,0
20151102_220102.jpg,0
20151102_134942.jpg,0
20151102_212058.jpg,0
20151105_144048.jpg,0
20151102_072213.jpg,0
20151108_030620.jpg,1
20151102_214418.jpg,1
20151116_062319.jpg,0
20151102_121127.jpg,0
20151102_143043.jpg,0
20151104_044533.jpg,1
20151102_070516.jpg,0
20151102_100817.jpg,0
20151103_101126.jpg,0
20151107_141442.jpg,0
20151102_171942.jpg,0
20151101_215515.jpg,0
20151102_120056.jpg,1
20151109_010123.jpg,1
20151107_114448.jpg,0
20151120_151625.jpg,0
20151109_203124.jpg,1
20151108_120840.jpg,0
20151102_132102.jpg,0
20151102_042547.jpg,1
20151103_201046.jpg,1
20151103_024013.jpg,1
20151103_004034.jpg,1
20151120_224613.jpg,1
20151103_024136.jpg,1
20151102_143939.jpg,0
20151102_005319.jpg,1
20151102_093044.jpg,1
20151108_033618.jpg,1
20151102_115002.jpg,0
20151102_055231.jpg,1
20151109_093146.jpg,0
20151119_004611.jpg,1
20151103_204123.jpg,1
20151102_030448.jpg,1
20151102_161428.jpg,0
20151102_030529.jpg,1
20151102_101956.jpg,0
20151108_110835.jpg,0
20151102_091018.jpg,0
20151103_061933.jpg,1
20151102_012545.jpg,1
20151103_122321.jpg,0
20151101_162053.jpg,0
20151108_205639.jpg,1
20151102_134938.jpg,1
20151103_125320.jpg,0
20151102_170810.jpg,1
20151105_131104.jpg,0
20151102_073053.jpg,1
20151109_010159.jpg,1
20151102_021958.jpg,1
20151103_144943.jpg,1
20151102_191130.jpg,1
20151102_225215.jpg,1
20151118_231631.jpg,1
20151102_050118.jpg,1
20151107_233857.jpg,1
20151102_202957.jpg,1
20151101_155521.jpg,0
20151102_063459.jpg,0
20151107_061444.jpg,0
20151102_080537.jpg,0
20151104_194535.jpg,1
20151107_014423.jpg,1
20151102_165546.jpg,1
20151105_074053.jpg,0
20151108_050611.jpg,1
20151104_124529.jpg,0
20151102_181014.jpg,1
20151103_194533.jpg,1
20151102_203049.jpg,0
20151104_071937.jpg,1
20151102_185325.jpg,1
20151102_053436.jpg,1
20151105_204109.jpg,1
20151102_145223.jpg,0
20151102_012227.jpg,1
20151102_173532.jpg,1
20151102_095948.jpg,0
20151102_191018.jpg,1
20151108_202542.jpg,0
20151102_172044.jpg,0
20151108_152534.jpg,0
20151102_183540.jpg,1
20151103_164531.jpg,1
20151101_230938.jpg,1
20151103_141031.jpg,0
20151103_205324.jpg,1
20151103_172352.jpg,1
20151102_054017.jpg,0
20151102_234529.jpg,1
20151101_075502.jpg,1
20151108_152626.jpg,0
20151102_084936.jpg,1
20151102_041504.jpg,1
20151102_045004.jpg,1
20151102_054037.jpg,0
20151109_032547.jpg,1
20151104_051925.jpg,1
20151102_171130.jpg,1
20151102_125957.jpg,0
20151102_014014.jpg,1
20151102_032042.jpg,1
20151104_164539.jpg,1
20151101_232220.jpg,1
20151108_193848.jpg,1
20151109_100154.jpg,0
20151102_173442.jpg,1
20151102_073538.jpg,0
20151102_082325.jpg,0
20151102_061415.jpg,0
20151103_025046.jpg,1
20151119_154629.jpg,0
20151108_073532.jpg,0
20151102_082940.jpg,0
20151103_065326.jpg,0
20151108_165515.jpg,0
20151101_175046.jpg,0
20151102_204455.jpg,1
20151108_020819.jpg,1
20151101_230446.jpg,1
20151104_034526.jpg,1
20151104_051530.jpg,0
20151102_122952.jpg,0
20151102_194934.jpg,0
20151108_223118.jpg,0
20151108_162510.jpg,0
20151102_191502.jpg,1
20151109_023207.jpg,1
20151103_071527.jpg,0
20151103_164942.jpg,0
20151102_131132.jpg,0
20151108_032614.jpg,1
20151102_150200.jpg,0
20151102_182444.jpg,1
20151102_182324.jpg,1
20151116_155303.jpg,0
20151102_095222.jpg,0
20151103_234526.jpg,1
20151103_074945.jpg,1
20151119_231556.jpg,1
20151102_055325.jpg,0
20151119_124559.jpg,0
20151102_102449.jpg,0
20151101_185509.jpg,0
20151108_013623.jpg,1
20151103_114139.jpg,0
20151102_221126.jpg,1
20151103_104136.jpg,0
20151102_105227.jpg,0
20151109_062558.jpg,1
20151102_040436.jpg,1
20151108_072557.jpg,0
20151108_115642.jpg,0
20151102_004129.jpg,1
20151116_222232.jpg,1
20151102_110108.jpg,1
20151103_101939.jpg,1
20151102_222953.jpg,1
20151102_085500.jpg,0
20151102_224922.jpg,0
20151102_232047.jpg,0
20151102_211006.jpg,1
20151109_210142.jpg,1
20151102_144009.jpg,0
20151103_141540.jpg,0
20151102_124008.jpg,0
20151108_180823.jpg,1
20151119_141558.jpg,0
20151102_014130.jpg,1
20151120_121631.jpg,0
20151119_001551.jpg,1
20151108_160559.jpg,1
20151102_203959.jpg,1
20151102_171949.jpg,1
20151107_111434.jpg,0
20151103_053043.jpg,1
20151103_024933.jpg,1
20151102_091037.jpg,0
20151102_204436.jpg,1
20151103_055049.jpg,1
20151102_161939.jpg,0
20151102_062219.jpg,0
20151102_031134.jpg,1
20151120_131644.jpg,0
20151103_004533.jpg,1
20151103_134532.jpg,0
20151102_014413.jpg,1
20151101_232501.jpg,0
20151108_213123.jpg,0
20151108_195536.jpg,0
20151103_174934.jpg,0
20151120_084611.jpg,0
20151101_234045.jpg,1
20151103_031130.jpg,1
20151102_133133.jpg,0
20151104_161535.jpg,0
20151103_154934.jpg,0
20151103_151031.jpg,1
20151103_021930.jpg,1
20151108_125508.jpg,1
20151120_111558.jpg,0
20151102_114438.jpg,0
20151101_152050.jpg,0
20151105_104103.jpg,0
20151103_021028.jpg,1
20151103_111138.jpg,0
20151103_045326.jpg,1
20151102_175555.jpg,1
20151102_061450.jpg,0
20151102_120503.jpg,0
20151103_135322.jpg,0
20151116_002304.jpg,1
20151102_014459.jpg,1
20151103_154129.jpg,0
20151101_182052.jpg,0
20151102_154011.jpg,1
20151103_121119.jpg,0
20151102_135322.jpg,0
20151119_171552.jpg,1
20151103_031021.jpg,1
20151108_070814.jpg,0
20151102_080135.jpg,0
20151102_201444.jpg,1
20151102_131422.jpg,0
20151102_222057.jpg,0
20151102_045332.jpg,1
20151102_195443.jpg,1
20151102_151018.jpg,1
20151102_122227.jpg,0
20151107_154407.jpg,0
20151101_212047.jpg,0
20151108_012644.jpg,1
20151102_180538.jpg,1
20151108_200131.jpg,0
20151102_035312.jpg,1
20151102_213053.jpg,0
20151102_165933.jpg,1
20151102_031039.jpg,1
20151102_123502.jpg,0
20151101_095505.jpg,1
20151102_155527.jpg,0
20151102_220958.jpg,1
20151108_222634.jpg,1
20151101_230818.jpg,1
20151102_183818.jpg,1
20151116_095321.jpg,0
20151102_101416.jpg,0
20151102_194036.jpg,1
20151102_132217.jpg,0
20151102_080819.jpg,0
20151108_100628.jpg,0
20151119_024602.jpg,1
20151102_130138.jpg,0
20151105_044117.jpg,1
20151102_231943.jpg,0
20151102_190934.jpg,1
20151102_063054.jpg,1
20151103_161939.jpg,0
20151109_025529.jpg,1
20151108_110535.jpg,0
20151101_221025.jpg,1
20151109_000111.jpg,0
20151103_191538.jpg,1
20151102_083131.jpg,0
20151102_152227.jpg,0
20151102_052501.jpg,1
20151102_141939.jpg,0
20151109_050206.jpg,1
20151109_050135.jpg,1
20151102_005216.jpg,1
20151102_112449.jpg,0
20151103_071936.jpg,1
20151108_035634.jpg,1
20151102_035945.jpg,1
20151102_160817.jpg,1
20151107_094441.jpg,0
20151102_011456.jpg,1
20151102_201932.jpg,0
20151103_102326.jpg,0
20151116_212312.jpg,1
20151102_005050.jpg,0
20151109_020122.jpg,1
20151108_192534.jpg,0
20151107_171449.jpg,1
20151102_212442.jpg,1
20151102_121459.jpg,0
20151102_035502.jpg,1
20151103_131534.jpg,0
20151108_142543.jpg,0
20151108_013815.jpg,1
20151102_163816.jpg,1
20151102_084424.jpg,0
20151105_151042.jpg,0
20151102_154129.jpg,0
20151108_112629.jpg,0
20151102_093120.jpg,0
20151102_163119.jpg,1
20151102_122520.jpg,0
20151103_204026.jpg,1
20151102_093541.jpg,0
20151102_210132.jpg,1
20151108_130850.jpg,0
20151102_062956.jpg,0
20151102_175311.jpg,1
20151102_024014.jpg,1
20151102_144136.jpg,0
20151102_090105.jpg,1
20151101_212503.jpg,0
20151102_002945.jpg,1
20151108_070529.jpg,0
20151103_231522.jpg,1
20151102_190151.jpg,1
20151102_150534.jpg,0
20151105_054040.jpg,0
20151101_112505.jpg,1
20151102_173059.jpg,0
20151102_195044.jpg,0
20151102_064033.jpg,0
20151102_201043.jpg,1
20151102_082217.jpg,0
20151103_215327.jpg,1
20151102_071012.jpg,0
20151102_234134.jpg,1
20151104_104532.jpg,0
20151102_224024.jpg,1
20151102_182046.jpg,0
20151102_184946.jpg,1
20151101_233009.jpg,1
20151108_085531.jpg,1
20151102_100201.jpg,0
20151102_084953.jpg,0
20151105_041042.jpg,1
20151102_105546.jpg,0
20151102_065454.jpg,0
20151102_003534.jpg,1
20151116_112314.jpg,0
20151116_192315.jpg,1
20151102_072325.jpg,0
20151102_080457.jpg,0
20151102_220442.jpg,1
20151105_184112.jpg,1
20151102_235043.jpg,0
20151102_152315.jpg,0
20151102_130452.jpg,0
20151103_221131.jpg,1
20151102_022514.jpg,1
20151102_162321.jpg,0
20151102_144941.jpg,0
20151102_102556.jpg,0
20151102_111405.jpg,0
20151104_024526.jpg,1
20151103_124531.jpg,0
20151108_092636.jpg,0
20151119_181618.jpg,1
20151102_045041.jpg,1
20151119_111619.jpg,0
20151102_142055.jpg,0
20151102_024045.jpg,1
20151103_131029.jpg,0
20151102_030136.jpg,1
20151102_114408.jpg,0
20151103_014128.jpg,1
20151105_134103.jpg,0
20151102_184447.jpg,1
20151102_040158.jpg,1
20151102_162944.jpg,1
20151108_060631.jpg,0
20151102_104456.jpg,0
20151102_225053.jpg,0
20151102_133457.jpg,0
20151102_024124.jpg,1
20151102_202314.jpg,1
20151102_045227.jpg,1
20151102_034013.jpg,1
20151102_184937.jpg,0
20151102_051433.jpg,1
20151101_232323.jpg,1
20151104_191536.jpg,1
20151102_081442.jpg,0
20151107_101455.jpg,0
20151104_234114.jpg,1
20151102_110137.jpg,0
20151103_071013.jpg,0
20151108_180606.jpg,1
20151102_045559.jpg,1
20151102_205546.jpg,1
20151102_032329.jpg,1
20151103_111938.jpg,1
20151102_042937.jpg,1
20151103_041128.jpg,1
20151109_180151.jpg,1
20151102_162609.jpg,0
20151102_021130.jpg,1
20151102_214014.jpg,1
20151102_025054.jpg,1
20151102_005452.jpg,1
20151103_111028.jpg,0
20151102_022223.jpg,1
20151103_074127.jpg,0
20151108_172534.jpg,0
20151102_180819.jpg,1
20151105_181042.jpg,1
20151120_221605.jpg,1
20151102_092955.jpg,0
20151102_085607.jpg,0
20151102_205523.jpg,1
20151108_053812.jpg,1
20151104_101533.jpg,0
20151119_054558.jpg,1
20151102_165510.jpg,1
20151108_210118.jpg,0
20151119_131637.jpg,0
20151102_145324.jpg,0
20151102_041953.jpg,1
20151102_181015.jpg,1
20151102_015052.jpg,1
20151109_173211.jpg,1
20151102_131959.jpg,0
20151102_033121.jpg,1
20151102_052554.jpg,1
20151103_034927.jpg,1
20151102_224441.jpg,1
20151103_152337.jpg,0
20151102_033540.jpg,1
20151103_124932.jpg,1
20151101_224016.jpg,1
20151119_221636.jpg,1
20151107_233608.jpg,1
20151103_094029.jpg,0
20151102_212553.jpg,1
20151102_182948.jpg,1
20151108_113828.jpg,0
20151102_091934.jpg,1
20151108_225642.jpg,1
20151109_003120.jpg,1
20151102_194427.jpg,1
20151102_002224.jpg,1
20151102_103953.jpg,0
20151102_162216.jpg,0
20151101_230210.jpg,1
20151102_123056.jpg,0
20151102_152557.jpg,0
20151102_061115.jpg,0
20151101_233436.jpg,1
20151107_204410.jpg,1
20151102_130942.jpg,0
20151119_184625.jpg,1
20151102_163442.jpg,1
20151102_133810.jpg,0
20151102_135439.jpg,0
20151108_202633.jpg,1
20151108_183840.jpg,1
20151102_224955.jpg,1
20151103_061124.jpg,0
20151102_154415.jpg,0
20151102_164014.jpg,1
20151103_115317.jpg,0
20151102_031441.jpg,1
20151103_194033.jpg,1
20151108_155514.jpg,0
20151103_114932.jpg,1
20151102_160533.jpg,0
20151102_094945.jpg,0
20151102_054441.jpg,0
20151102_132457.jpg,0
20151109_040122.jpg,1
20151108_130126.jpg,0
20151102_042516.jpg,1
20151102_094450.jpg,0
20151102_181444.jpg,1
20151102_204014.jpg,1
20151108_145529.jpg,0
20151103_144534.jpg,0
20151102_033803.jpg,1
20151102_195311.jpg,1
20151102_164128.jpg,1
20151102_083046.jpg,1
20151102_145547.jpg,0
20151103_192318.jpg,1
20151102_032554.jpg,1
20151102_074011.jpg,0
20151102_215100.jpg,0
20151116_152317.jpg,0
20151102_032223.jpg,1
20151102_051017.jpg,1
20151120_154639.jpg,0
20151102_055954.jpg,0
20151104_031933.jpg,1
20151108_105603.jpg,1
20151119_104608.jpg,0
20151102_071940.jpg,0
20151102_035218.jpg,1
20151108_163140.jpg,0
20151103_062046.jpg,1
20151102_060808.jpg,0
20151102_181124.jpg,1
20151103_034122.jpg,1
20151119_204557.jpg,1
20151102_223059.jpg,0
20151108_150134.jpg,0
20151102_063805.jpg,0
20151102_105513.jpg,0
20151109_030214.jpg,1
20151108_055602.jpg,1
20151115_232259.jpg,1
20151102_003122.jpg,1
20151102_000817.jpg,1
20151107_184410.jpg,1
20151103_082000.jpg,1
20151102_023443.jpg,1
20151102_174442.jpg,1
20151102_225546.jpg,1
20151103_042034.jpg,1
20151102_074010.jpg,0
20151103_072329.jpg,0
20151102_074413.jpg,0
20151103_194938.jpg,0
20151108_113047.jpg,1
20151102_223524.jpg,1
20151102_002509.jpg,1
20151102_220146.jpg,1
20151102_191757.jpg,0
20151102_161126.jpg,0
20151108_155640.jpg,0
20151102_120935.jpg,0
20151102_055603.jpg,0
20151102_052055.jpg,1
20151102_184017.jpg,1
20151116_072228.jpg,0
20151101_234122.jpg,1
20151109_043114.jpg,1
20151103_201156.jpg,1
20151108_083900.jpg,0
20151102_222323.jpg,1
20151101_195106.jpg,0
20151102_090128.jpg,0
20151102_221422.jpg,1
20151102_030811.jpg,1
20151107_011447.jpg,1
20151101_225508.jpg,0
20151102_164426.jpg,1
20151103_013050.jpg,1
20151101_231022.jpg,1
20151107_144446.jpg,0
20151103_092319.jpg,0
20151102_185223.jpg,1
20151102_074127.jpg,0
20151101_162527.jpg,0
20151102_171034.jpg,1
20151107_181410.jpg,1
20151102_102059.jpg,1
20151103_040059.jpg,1
20151102_185047.jpg,0
20151104_131524.jpg,0
20151104_041535.jpg,1
20151102_143539.jpg,0
20151101_135052.jpg,0
20151119_114627.jpg,0
20151119_074557.jpg,0
20151119_011640.jpg,1
20151120_051621.jpg,1
20151103_154521.jpg,0
20151120_041606.jpg,1
20151108_215602.jpg,1
20151103_055331.jpg,0
20151116_075318.jpg,0
20151109_055545.jpg,1
20151102_020008.jpg,1
20151102_155557.jpg,0
20151102_191409.jpg,1
20151102_052514.jpg,1
20151103_035044.jpg,1
20151103_061024.jpg,0
20151102_185554.jpg,1
20151108_102553.jpg,0
20151103_184149.jpg,1
20151102_171425.jpg,1
20151116_225247.jpg,1
20151103_121012.jpg,0
20151104_061934.jpg,1
20151102_021445.jpg,1
20151104_021924.jpg,1
20151109_002533.jpg,0
20151102_070527.jpg,0
20151102_001022.jpg,1
20151108_102558.jpg,1
20151103_224925.jpg,0
20151109_023113.jpg,1
20151107_044437.jpg,1
20151102_082046.jpg,1
20151102_012323.jpg,1
20151104_064534.jpg,0
20151102_161010.jpg,1
20151104_014935.jpg,1
20151102_234019.jpg,1
20151102_054947.jpg,0
20151102_190444.jpg,1
20151102_050439.jpg,1
20151102_225943.jpg,1
20151102_184007.jpg,1
20151102_123549.jpg,0
20151101_232544.jpg,1
20151102_095041.jpg,1
20151102_013445.jpg,1
20151103_124031.jpg,0
20151108_045647.jpg,1
20151108_010807.jpg,1
20151101_145511.jpg,0
20151102_025227.jpg,1
20151103_081033.jpg,0
20151101_092511.jpg,1
20151120_194616.jpg,1
20151103_061527.jpg,0
20151103_044123.jpg,1
20151120_001602.jpg,1
20151105_034039.jpg,1
20151108_115547.jpg,1
20151102_043511.jpg,1
20151102_195935.jpg,1
20151103_211140.jpg,1
20151102_094007.jpg,0
20151102_140059.jpg,0
20151108_133554.jpg,0
20151102_091412.jpg,0
20151102_062005.jpg,0
20151102_104406.jpg,0
20151103_231937.jpg,0
20151101_172044.jpg,0
20151102_200942.jpg,1
20151104_071543.jpg,0
20151104_005016.jpg,0
20151102_170131.jpg,0
20151102_090540.jpg,0
20151108_075616.jpg,0
20151102_181045.jpg,1
20151103_214535.jpg,1
20151102_144043.jpg,0
20151120_024638.jpg,1
20151108_083616.jpg,0
20151102_174508.jpg,1
20151102_074045.jpg,0
20151107_201424.jpg,1
20151102_153942.jpg,0
20151104_204527.jpg,1
20151103_015328.jpg,1
20151105_101045.jpg,0
20151105_094106.jpg,0
20151102_154033.jpg,0
20151102_040942.jpg,1
20151120_074644.jpg,0
20151108_183614.jpg,1
20151103_030121.jpg,1
20151102_001048.jpg,1
20151103_020103.jpg,1
20151102_083445.jpg,0
20151102_111450.jpg,0
20151102_164002.jpg,1
20151102_040815.jpg,1
20151102_182555.jpg,1
20151102_202057.jpg,0
20151102_001506.jpg,1
20151102_151955.jpg,0
20151102_202520.jpg,1
20151101_142506.jpg,0
20151102_075549.jpg,0
20151109_063203.jpg,0
20151102_000940.jpg,1
20151103_151531.jpg,0
20151102_103817.jpg,0
20151102_212334.jpg,1
20151102_141016.jpg,0
20151103_085322.jpg,0
20151103_161015.jpg,1
20151120_054642.jpg,1
20151104_014535.jpg,1
20151102_042222.jpg,1
20151108_042641.jpg,1
20151108_023901.jpg,1
20151101_082054.jpg,1
20151102_234934.jpg,0
20151103_164015.jpg,1
20151102_124019.jpg,0
20151104_221523.jpg,1
20151102_090452.jpg,0
20151102_000151.jpg,1
20151102_232319.jpg,1
20151102_023617.jpg,1
20151109_070203.jpg,0
20151103_214012.jpg,1
20151107_004446.jpg,1
20151102_030958.jpg,1
20151108_100817.jpg,0
20151102_064500.jpg,0
20151102_075333.jpg,0
20151120_014623.jpg,1
20151102_191931.jpg,0
20151108_143057.jpg,0
20151102_062547.jpg,0
20151102_033434.jpg,1
20151108_123849.jpg,0
20151107_232619.jpg,1
20151103_151934.jpg,0
20151104_064932.jpg,1
20151104_224532.jpg,1
20151102_094430.jpg,0
20151105_121040.jpg,0
20151107_074455.jpg,0
20151102_213129.jpg,1
20151108_023614.jpg,1
20151102_075515.jpg,1
20151120_044614.jpg,1
20151108_200910.jpg,1
20151102_001123.jpg,1
20151103_022050.jpg,1
20151102_004002.jpg,1
20151105_111106.jpg,0
20151105_091042.jpg,0
20151103_094129.jpg,0
20151119_034611.jpg,1
20151102_110821.jpg,0
20151101_155059.jpg,0
20151101_235551.jpg,1
20151103_222334.jpg,1
20151101_231039.jpg,1
20151107_230900.jpg,1
20151102_201121.jpg,1
20151107_034424.jpg,1
20151102_115549.jpg,0
20151101_202048.jpg,0
20151102_164440.jpg,1
20151102_191958.jpg,1
20151102_202001.jpg,1
20151103_051010.jpg,1
20151109_223152.jpg,1
20151108_153559.jpg,0
20151109_220156.jpg,1
20151103_082321.jpg,0
20151102_051441.jpg,1
20151102_123122.jpg,0
20151103_041015.jpg,1
20151108_163904.jpg,1
20151103_001128.jpg,1
20151102_173119.jpg,1
20151102_222225.jpg,1
20151108_025557.jpg,1
20151101_231422.jpg,1
20151102_091444.jpg,0
20151102_055457.jpg,0
20151102_010806.jpg,1
20151101_205503.jpg,0
20151116_202223.jpg,1
20151102_142331.jpg,0
20151102_153439.jpg,0
20151103_034535.jpg,1
20151120_191559.jpg,1
20151102_141533.jpg,0
20151104_034938.jpg,1
20151108_173818.jpg,1
20151102_043818.jpg,1
20151108_060845.jpg,1
20151102_090952.jpg,0
20151101_234022.jpg,1
20151102_103048.jpg,1
20151102_122002.jpg,0
20151103_002326.jpg,1
20151109_033218.jpg,1
20151102_092547.jpg,0
20151103_054016.jpg,0
20151102_140813.jpg,0
20151108_030851.jpg,1
20151102_200159.jpg,1
20151102_071409.jpg,0
20151102_120126.jpg,0
20151103_032103.jpg,1
20151108_120550.jpg,0
20151108_233053.jpg,0
20151103_031532.jpg,1
20151103_161128.jpg,0
20151109_153203.jpg,0
20151108_205552.jpg,0
20151102_025955.jpg,1
20151107_124359.jpg,0
20151103_014540.jpg,1
20151119_191620.jpg,1
20151102_174927.jpg,0
20151102_180022.jpg,1
20151102_034436.jpg,1
20151104_231102.jpg,1
20151103_141938.jpg,1
20151102_205001.jpg,1
20151102_172325.jpg,1
20151120_171604.jpg,1
20151108_165643.jpg,1
20151102_012455.jpg,1
20151102_003810.jpg,1
20151102_231527.jpg,1
20151102_115956.jpg,0
20151103_041940.jpg,1
20151101_233815.jpg,1
20151102_072443.jpg,0
20151108_183053.jpg,0
20151103_181020.jpg,1
20151102_103537.jpg,0
20151102_034429.jpg,1
20151102_183443.jpg,1
20151107_051441.jpg,1
20151102_173822.jpg,1
20151109_075517.jpg,1
20151102_064126.jpg,0
20151102_214943.jpg,1
20151103_005313.jpg,1
20151119_151625.jpg,0
20151102_173023.jpg,1
20151102_153044.jpg,0
20151104_031535.jpg,1
20151102_083539.jpg,0
20151108_140601.jpg,0
20151102_160120.jpg,0
20151102_221937.jpg,1
20151102_101043.jpg,0
20151107_071452.jpg,0
20151102_125221.jpg,0
20151103_144133.jpg,0
20151103_221527.jpg,1
20151103_204931.jpg,0
20151102_205043.jpg,0
20151103_001023.jpg,1
20151103_032319.jpg,1
20151102_132323.jpg,0
20151102_012955.jpg,1
20151103_201935.jpg,0
20151102_135939.jpg,0
20151102_002320.jpg,1
20151101_125056.jpg,1
20151103_012336.jpg,1
20151102_060125.jpg,1
20151102_054001.jpg,0
20151109_022536.jpg,1
20151107_041438.jpg,1
20151102_005954.jpg,1
20151101_082503.jpg,1
20151102_041120.jpg,1
20151102_062318.jpg,0
20151102_014032.jpg,1
20151103_154015.jpg,1
20151109_073216.jpg,0
20151102_201022.jpg,1
20151109_090144.jpg,0
20151101_112047.jpg,1
20151107_220837.jpg,1
20151103_171111.jpg,1
20151109_143152.jpg,0
20151102_100102.jpg,1
20151108_220136.jpg,0
20151119_094554.jpg,0
20151105_071039.jpg,0
20151101_233123.jpg,1
20151103_004132.jpg,1
20151101_075045.jpg,1
20151103_023049.jpg,1
20151102_221942.jpg,0
20151103_035320.jpg,1
20151105_191044.jpg,1
20151102_121013.jpg,0
20151102_002549.jpg,1
20151109_053106.jpg,1
20151102_084441.jpg,0
20151102_120822.jpg,0
20151104_081523.jpg,0
20151109_013133.jpg,1
20151102_043116.jpg,1
20151102_095549.jpg,0
20151104_011524.jpg,1
20151103_144027.jpg,0
20151102_161942.jpg,1
20151104_091526.jpg,0
20151103_155319.jpg,0
20151102_143442.jpg,0
20151102_065954.jpg,0
20151101_102047.jpg,1
20151120_124644.jpg,0
20151103_185331.jpg,1
20151102_065321.jpg,0
20151102_191035.jpg,1
20151102_141041.jpg,0
20151119_144620.jpg,0
20151102_022556.jpg,1
20151102_091130.jpg,0
20151101_142050.jpg,0
20151102_062454.jpg,0
20151102_002014.jpg,1
20151102_224420.jpg,1
20151120_211601.jpg,1
20151101_222459.jpg,0
20151103_101012.jpg,0
20151102_114016.jpg,0
20151102_212942.jpg,1
20151105_084053.jpg,0
20151102_125042.jpg,1
20151109_183155.jpg,1
20151102_170143.jpg,1
20151102_110537.jpg,0
20151107_131419.jpg,0
20151102_174044.jpg,1
20151102_063552.jpg,0
20151102_180155.jpg,1
20151103_111523.jpg,0
20151102_170502.jpg,1
20151103_151131.jpg,0
20151103_114019.jpg,0
20151103_181931.jpg,0
20151102_011029.jpg,1
20151104_044951.jpg,1
20151105_031031.jpg,1
20151119_174557.jpg,1
20151104_011934.jpg,1
20151102_101119.jpg,0
20151109_012538.jpg,1
20151116_032330.jpg,1
20151102_171019.jpg,1
20151107_021443.jpg,1
20151102_025329.jpg,1
20151102_235326.jpg,1
20151108_160847.jpg,1
20151102_070052.jpg,1
20151102_124134.jpg,0
20151119_081621.jpg,0
20151102_154442.jpg,0
20151108_123047.jpg,0
20151102_210537.jpg,1
20151102_022047.jpg,1
20151109_190210.jpg,1
20151103_181137.jpg,1
20151102_172222.jpg,1
20151102_190824.jpg,1
20151108_103055.jpg,1
20151103_084533.jpg,0
20151102_004020.jpg,1
20151103_001525.jpg,1
20151102_003445.jpg,1
20151103_015049.jpg,1
20151102_071502.jpg,0
20151109_150202.jpg,0
20151102_202218.jpg,1
20151102_024014 (2).jpg,1
20151103_091942.jpg,1
20151103_174219.jpg,1
20151102_231137.jpg,1
20151108_223609.jpg,1
20151102_190010.jpg,1
20151102_060941.jpg,0
20151103_191941.jpg,0
20151102_173942.jpg,1
20151102_100534.jpg,0
20151102_210504.jpg,1
20151108_222515.jpg,0
20151102_015235.jpg,1
20151116_175224.jpg,1
20151102_143007.jpg,0
20151102_145520.jpg,0
20151101_172507.jpg,0
20151102_203116.jpg,1
20151102_145051.jpg,0
20151108_213539.jpg,1
20151102_134029.jpg,0
20151103_052049.jpg,1
20151102_080935.jpg,0
20151103_221930.jpg,0
20151102_123832.jpg,0
20151102_143117.jpg,0
20151102_010539.jpg,1
20151102_115227.jpg,0
20151102_065512.jpg,1
20151108_170613.jpg,1
20151119_041618.jpg,1
20151102_132555.jpg,0
20151102_205944.jpg,1
20151104_174542.jpg,1
20151103_044015.jpg,1
20151103_132314.jpg,0
20151104_074543.jpg,0
20151103_011133.jpg,1
20151108_133906.jpg,0
20151103_214943.jpg,0
20151103_212317.jpg,1
20151102_094933.jpg,1
20151105_171057.jpg,1
20151102_205227.jpg,1
20151102_020536.jpg,1
20151102_193944.jpg,1
20151102_000532 (2).jpg,1
20151103_104531.jpg,0
20151102_204128.jpg,1
20151101_233532.jpg,1
20151116_185305.jpg,1
20151102_083816.jpg,0
20151102_111932.jpg,1
20151102_025457.jpg,1
20151102_062501.jpg,1
20151102_133536.jpg,0
20151103_182358.jpg,1
20151101_220803.jpg,1
20151102_071133.jpg,0
20151120_011617.jpg,1
20151103_011033.jpg,1
20151102_112047.jpg,1
20151108_040618.jpg,1
20151102_021402.jpg,1
20151104_201531.jpg,1
20151102_113052.jpg,1
20151102_142552.jpg,0
20151107_211433.jpg,1
20151103_114530.jpg,0
20151102_101027.jpg,0
20151102_102218.jpg,0
20151102_025012.jpg,1
20151102_081022.jpg,0
20151102_104021.jpg,0
20151108_235525.jpg,0
20151102_011134.jpg,1
20151102_204927.jpg,0
20151102_065221.jpg,0
20151102_150812.jpg,1
20151119_161642.jpg,1
20151102_092323.jpg,0
20151102_115439.jpg,0
20151102_045529.jpg,1
20151102_201419.jpg,1
20151119_101603.jpg,0
20151108_213809.jpg,1
20151102_183043.jpg,0
20151103_051128.jpg,1
20151108_193621.jpg,1
20151103_051937.jpg,1
20151103_084123.jpg,0
20151103_091531.jpg,0
20151109_013055.jpg,1
20151102_085312.jpg,0
20151102_181943.jpg,1
20151108_182601.jpg,1
20151102_042051.jpg,1
20151107_214446.jpg,1
20151109_060200.jpg,0
20151102_153118.jpg,0
20151107_223857.jpg,1
20151102_041420.jpg,1
20151103_184936.jpg,0
20151102_153536.jpg,0
20151102_005558.jpg,1
20151107_224408.jpg,1
20151103_014027.jpg,1
20151104_054934.jpg,1
20151102_135044.jpg,0
20151103_044928.jpg,1
20151102_141940.jpg,1
20151119_021550.jpg,1
20151102_102953.jpg,0
20151120_174627.jpg,1
20151102_040540.jpg,1
20151108_133058.jpg,0
20151102_211038.jpg,1
20151108_143823.jpg,1
20151103_134033.jpg,0
20151102_132951.jpg,0
20151102_225315.jpg,1
20151102_203443.jpg,1
20151102_081956.jpg,0
20151102_134129.jpg,0
20151102_155330.jpg,0
20151102_220540.jpg,1
20151108_053621.jpg,1
20151102_183141.jpg,1
20151102_070806.jpg,0
20151101_202504.jpg,0
20151101_235514.jpg,0
20151102_200815.jpg,1
20151108_192613.jpg,1
20151102_035441.jpg,1
20151102_151414.jpg,0
20151102_114930.jpg,1
20151101_232440.jpg,1
20151102_044014.jpg,1
20151102_151131.jpg,0
20151102_031422.jpg,1
20151102_050803.jpg,1
20151108_043858.jpg,1
20151102_150116.jpg,0
20151103_000129.jpg,0
20151102_215330.jpg,1
20151102_113529.jpg,0
20151102_211019.jpg,1
20151103_165338.jpg,1
20151101_132459.jpg,1
20151102_215613.jpg,1
20151107_064445.jpg,0
20151102_023547.jpg,1
20151102_080107.jpg,1
20151102_212235.jpg,1
20151103_094527.jpg,0
20151104_021542.jpg,1
20151103_211522.jpg,1
20151109_003053.jpg,1
20151108_093045.jpg,1
20151103_094926.jpg,1
20151102_214052.jpg,1
20151120_031648.jpg,1
20151108_063141.jpg,1
20151101_232057.jpg,0
20151102_053129.jpg,1
20151103_021136.jpg,1
20151103_164129.jpg,1
20151102_012049.jpg,1
20151102_231023.jpg,1
20151108_162633.jpg,0
20151103_162326.jpg,0
20151102_061019.jpg,0
20151108_195609.jpg,1
20151103_045049.jpg,1
20151103_191131.jpg,1
20151108_185603.jpg,1
20151103_195344.jpg,1
20151102_214940.jpg,0
20151120_004607.jpg,1
20151108_225523.jpg,0
20151102_194029.jpg,1
20151102_014938.jpg,1
20151107_161429.jpg,0
20151102_184122.jpg,1
20151101_175522.jpg,0
20151107_104430.jpg,0
20151102_194953.jpg,1
20151102_055050.jpg,1
20151101_182513.jpg,0
20151103_145331.jpg,0
20151102_073815.jpg,0
20151102_031014.jpg,1
20151102_081038.jpg,0
20151102_110502.jpg,0
20151102_233101.jpg,0
20151102_104934.jpg,1
20151101_205109.jpg,0
20151102_044410.jpg,1
20151102_063117.jpg,0
20151103_022324.jpg,1
20151108_033852.jpg,1
20151101_115055.jpg,1
20151102_152053.jpg,0
20151105_201054.jpg,1
20151108_003816.jpg,1
20151101_135513.jpg,1
20151101_192053.jpg,0
20151102_072559.jpg,0
20151105_051058.jpg,1
20151102_004042.jpg,1
20151103_191018.jpg,1
20151108_103826.jpg,0
20151102_044435.jpg,1
20151108_132514.jpg,1
20151108_010619.jpg,1
20151102_131019.jpg,0
20151102_075215.jpg,0
20151101_235317.jpg,1
20151104_001954.jpg,0
20151102_163054.jpg,0
20151109_103156.jpg,0
20151103_175334.jpg,1
20151102_065600.jpg,0
20151102_020453.jpg,1
20151102_184033.jpg,1
20151102_002516.jpg,0
20151103_121553.jpg,0
20151102_195218.jpg,1
20151103_171218.jpg,1
20151102_061038.jpg,0
20151105_081056.jpg,0
20151109_042553.jpg,1
20151102_115321.jpg,0
20151109_053148.jpg,1
20151103_095326.jpg,0
20151102_020819.jpg,1
20151102_151034.jpg,0
20151102_142437.jpg,0
20151102_104943.jpg,0
20151108_163607.jpg,1
20151105_141042.jpg,0
20151102_202550.jpg,1
20151103_202321.jpg,1
20151103_021524.jpg,1
20151108_120108.jpg,1
20151108_090611.jpg,0
20151102_103128.jpg,0
20151120_101642.jpg,0
20151103_105327.jpg,0
20151101_225048.jpg,0
20151102_134437.jpg,0
20151102_092016.jpg,0
20151102_213540.jpg,1
20151102_165324.jpg,1
20151120_114613.jpg,0
20151108_022553.jpg,1
20151102_111039.jpg,0
20151109_065600.jpg,1
20151108_215516.jpg,0
20151116_022257.jpg,1
20151105_014052.jpg,1
20151102_223544.jpg,1
20151102_023126.jpg,1
20151102_023804.jpg,1
20151108_150830.jpg,1
20151102_215456.jpg,1
20151101_085511.jpg,1
20151107_230621.jpg,1
20151102_124428.jpg,0
20151102_024458.jpg,1
20151102_094039.jpg,0
20151104_121533.jpg,0
20151101_195515.jpg,0
20151108_040848.jpg,1
20151102_000532.jpg,1
20151102_004954.jpg,1
20151102_131042.jpg,0
20151102_144458.jpg,0
20151120_144605.jpg,0
20151103_042319.jpg,1
20151101_072507.jpg,1
20151108_105608.jpg,0
20151107_001445.jpg,1
20151108_185545.jpg,0
20151101_165511.jpg,0
20151102_205323.jpg,1
20151119_084642.jpg,0
20151102_151944.jpg,0
20151102_112224.jpg,0
20151103_234937.jpg,0
20151102_072051.jpg,1
20151103_064532.jpg,0
20151102_102333.jpg,0
20151102_140549.jpg,0
20151102_190539.jpg,1
20151109_030124.jpg,1
20151102_144429.jpg,0
20151102_125450.jpg,0
20151103_050108.jpg,1
20151103_134129.jpg,0
20151102_175001.jpg,1
20151102_134425.jpg,0
20151102_193436.jpg,1
20151102_143825.jpg,0
20151103_074530.jpg,0
20151102_114041.jpg,0
20151105_211113.jpg,1
20151108_140108.jpg,0
20151103_064951.jpg,1
20151103_134940.jpg,1
20151102_001427.jpg,1
20151102_181409.jpg,1
20151102_075948.jpg,0
20151102_011044.jpg,1
20151102_034133.jpg,1
20151108_143556.jpg,0
20151102_130116.jpg,0
20151108_220550.jpg,1
20151103_075316.jpg,0
20151103_065056.jpg,1
20151102_135226.jpg,0
20151109_120216.jpg,0
20151108_020623.jpg,1
20151102_174123.jpg,1
20151104_074934.jpg,1
20151108_135519.jpg,1
20151102_084118.jpg,0
20151102_093808.jpg,0
20151104_134531.jpg,0
20151102_010953.jpg,1
20151116_132238.jpg,0
20151102_222524.jpg,1
20151104_171542.jpg,1
20151103_004941.jpg,0
20151102_211407.jpg,1
20151109_170148.jpg,1
20151102_172447.jpg,1
20151102_200554.jpg,1
20151102_042327.jpg,1
20151102_052953.jpg,1
20151109_110158.jpg,0
20151103_001931.jpg,0
20151107_024434.jpg,1
20151102_192943.jpg,1
20151102_113436.jpg,0
20151102_124950.jpg,1
20151101_105100.jpg,1
20151102_154930.jpg,0
20151101_222053.jpg,0
20151102_060456.jpg,0
20151102_193808.jpg,1
20151103_131132.jpg,0
20151102_105942.jpg,0
20151102_082549.jpg,0
20151104_151529.jpg,0
20151102_093500.jpg,0
20151109_033110.jpg,1
20151103_161533.jpg,0
20151102_025554.jpg,1
20151102_094008.jpg,0
20151109_213129.jpg,1
20151116_122252.jpg,0
20151102_004454.jpg,1
20151116_135310.jpg,0
20151116_012254.jpg,1
20151102_103450.jpg,0
20151102_085044.jpg,1
20151102_050935.jpg,1
20151102_121933.jpg,1
20151103_214140.jpg,1
20151101_145049.jpg,0
20151116_205302.jpg,1
20151103_174612.jpg,1
20151102_165024.jpg,1
20151104_111544.jpg,0
20151102_155023.jpg,0
20151109_193222.jpg,1
20151102_045950.jpg,1
20151103_034012.jpg,1
20151102_175223.jpg,1
20151103_010107.jpg,1
20151101_115515.jpg,1
20151102_020146.jpg,1
20151102_193057.jpg,0
20151102_213822.jpg,1
20151102_170945.jpg,1
20151102_075040.jpg,1
20151120_064605.jpg,0
20151108_190132.jpg,0
20151103_181548.jpg,1
20151108_150602.jpg,0
20151102_213959.jpg,1
20151102_193534.jpg,1
20151119_044622.jpg,1
20151102_064019.jpg,0
20151101_122053.jpg,1
20151102_175048.jpg,0
20151102_073131.jpg,0
20151104_054528.jpg,0
20151102_024417.jpg,1
20151102_071013.jpg,0
20151105_024056.jpg,1
20151102_121425.jpg,0
20151102_025526.jpg,1
20151102_062055.jpg,1
20151101_223815.jpg,1
20151102_141001.jpg,0
20151102_074507.jpg,0
20151107_134430.jpg,0
20151109_083128.jpg,0
20151102_192221.jpg,1
20151102_224124.jpg,1
20151103_011531.jpg,1
20151101_231132.jpg,1
20151102_162501.jpg,1
20151101_191801.jpg,0
20151103_005048.jpg,0
20151102_111019.jpg,0
20151103_084942.jpg,1
20151103_054545.jpg,0
20151105_001113.jpg,1
20151102_182220.jpg,1
20151102_134035.jpg,0
20151102_223127.jpg,1
20151107_235619.jpg,1
20151102_101448.jpg,0
20151102_223942.jpg,1
20151108_080843.jpg,0
20151102_092216.jpg,0
20151102_104133.jpg,0
20151108_005644.jpg,1
20151101_215048.jpg,0
20151102_112554.jpg,0
20151103_071124.jpg,0
20151103_024520.jpg,1
20151104_211533.jpg,1
20151102_194452.jpg,1
20151101_232014.jpg,1
20151116_052240.jpg,1
20151102_032951.jpg,1
20151119_211601.jpg,1
20151102_110947.jpg,0
20151103_041535.jpg,1
20151120_094622.jpg,0
20151102_155226.jpg,0
20151108_085635.jpg,0
20151102_085224.jpg,0
20151102_211943.jpg,0
20151103_142322.jpg,0
20151102_124042.jpg,0
20151102_225443.jpg,1
20151108_080116.jpg,1
20151102_032524.jpg,1
20151103_184032.jpg,1
20151102_125325.jpg,0
20151102_160140.jpg,0
20151101_095043.jpg,1
20151102_230131.jpg,0
20151108_132623.jpg,0
20151102_211942.jpg,1
20151102_022517.jpg,1
20151102_081938.jpg,1
20151103_124122.jpg,0
20151103_224521.jpg,1
20151102_192316.jpg,1
20151108_125549.jpg,0
20151102_135614.jpg,0
20151101_235215.jpg,1
20151101_122510.jpg,1
20151101_185044.jpg,0
20151108_003614.jpg,1
20151101_152512.jpg,0
20151102_111951.jpg,0
20151102_221039.jpg,1
20151102_015550.jpg,1
20151108_200623.jpg,1
20151102_083947.jpg,0
20151102_105319.jpg,0
20151102_162049.jpg,0
20151119_214619.jpg,1
20151102_104038.jpg,0
20151102_084040.jpg,0
20151102_142219.jpg,0
20151102_133045.jpg,0
20151108_100103.jpg,1
20151104_114519.jpg,0
20151106_234439.jpg,1
20151102_192055.jpg,0
20151102_011947.jpg,1
20151102_180128.jpg,0
20151109_163125.jpg,1
20151109_043053.jpg,1
20151102_021011.jpg,1
20151102_090819.jpg,0
20151103_002056.jpg,0
20151109_005536.jpg,0
20151102_195556.jpg,1
20151101_132039.jpg,0
20151108_093815.jpg,0
20151102_035058.jpg,1
20151108_095555.jpg,1
20151108_082620.jpg,0
20151104_154535.jpg,0
20151103_012054.jpg,1
20151102_124502.jpg,0
20151102_092448.jpg,0
20151102_105048.jpg,1
20151102_171500.jpg,1
20151103_033045.jpg,1
20151105_214102.jpg,1
20151107_194429.jpg,1
20151108_073056.jpg,1
20151107_191407.jpg,1
20151105_114059.jpg,0
20151102_145954.jpg,0
20151102_130817.jpg,0
20151102_064954.jpg,0
20151103_043054.jpg,1
20151102_034014.jpg,1
20151102_200102.jpg,0
20151102_164029.jpg,1
20151102_031957.jpg,1
20151102_161048.jpg,0
20151108_153838.jpg,1
20151102_210806.jpg,1
20151105_011128.jpg,1
20151103_171605.jpg,1
20151103_091012.jpg,0
20151102_174019.jpg,1
20151102_194126.jpg,1
20151102_081417.jpg,0
20151102_082442.jpg,0
20151102_141123.jpg,0
20151102_073435.jpg,0
20151102_004355.jpg,1
20151109_140202.jpg,0
20151102_155056.jpg,0
20151104_094520.jpg,0
20151108_002634.jpg,1
20151119_064640.jpg,0
20151102_041110.jpg,1
20151103_025335.jpg,1
20151103_224132.jpg,1
20151116_085312.jpg,0
20151102_060539.jpg,0
20151108_113542.jpg,0
20151104_004527.jpg,1
20151102_092044.jpg,1
20151102_155952.jpg,0
20151102_224045.jpg,1
20151102_211131.jpg,1
20151102_053821.jpg,1
20151107_031436.jpg,1
20151102_043537.jpg,1
20151108_153133.jpg,0
20151102_130532.jpg,0
20151104_141527.jpg,0
20151108_160137.jpg,0
20151102_032453.jpg,1
20151103_141126.jpg,0
20151102_163536.jpg,1
20151102_053540.jpg,0
20151102_070134.jpg,0
20151105_174046.jpg,1
20151108_145626.jpg,0
20151103_211930.jpg,0
20151103_011931.jpg,1
20151101_125509.jpg,1
20151102_131512.jpg,0
20151102_165040.jpg,0
20151102_192455.jpg,1
20151101_192508.jpg,0
20151108_173604.jpg,1
20151102_164923.jpg,0
20151108_130551.jpg,0
20151108_110058.jpg,1
20151102_071031.jpg,0
20151102_180523.jpg,1
20151102_113809.jpg,0
20151108_000606.jpg,1
20151109_130131.jpg,0
20151102_150440.jpg,0
20151102_122603.jpg,0
20151102_051130.jpg,1
20151106_231439.jpg,1
20151101_235039.jpg,0
20151103_131932.jpg,1
20151102_013807.jpg,1
20151104_041949.jpg,1
20151108_043618.jpg,1
20151108_173047.jpg,0
20151108_062634.jpg,0
20151108_190620.jpg,1
20151101_231455.jpg,1
20151108_090105.jpg,1
20151102_044056.jpg,1
20151107_054442.jpg,1
20151103_104934.jpg,1
20151102_203819.jpg,1
20151102_074952.jpg,0
20151102_184412.jpg,1
20151102_072511.jpg,1
20151103_064127.jpg,0
20151119_031610.jpg,1
20151103_201534.jpg,1
20151102_100443.jpg,0
20151102_052002.jpg,1
20151108_175519.jpg,0
20151120_141600.jpg,0
20151102_022956.jpg,1
20151108_203907.jpg,1
20151102_131934.jpg,1
20151101_165048.jpg,0
20151102_160446.jpg,0
20151102_044014 (2).jpg,1
20151102_122058.jpg,1
20151101_092045.jpg,1
20151109_052602.jpg,1
20151102_222603.jpg,1
20151120_181643.jpg,1
20151104_024933.jpg,1
20151103_003103.jpg,1
20151120_021624.jpg,1
20151108_073827.jpg,0
20151103_014944.jpg,1
20151102_034045.jpg,1
20151102_052320.jpg,1
20151103_112324.jpg,0
20151102_035552.jpg,1
20151105_064053.jpg,0
20151103_062325.jpg,0
20151108_203622.jpg,1
20151102_214504.jpg,1
20151104_061544.jpg,0
20151102_112322.jpg,0
20151102_221015.jpg,1
20151102_013132.jpg,1
20151102_035004.jpg,1
20151103_051545.jpg,0
20151105_124054.jpg,0
20151102_081120.jpg,0
20151102_041019.jpg,1
20151116_042241.jpg,1
20151108_193104.jpg,0
20151102_022319.jpg,1
20151101_085055.jpg,1
20151102_021044.jpg,1
20151103_121937.jpg,1
20151104_001532.jpg,1
20151105_161046.jpg,1
20151109_020218.jpg,1
20151102_011408.jpg,1
20151102_210101.jpg,0
20151102_042455.jpg,1
20151102_013959.jpg,1
20151102_122322.jpg,0
20151102_203540.jpg,1
20151102_013541.jpg,1
20151102_114003.jpg,0
20151108_123555.jpg,0
20151102_005513.jpg,1
20151104_214540.jpg,1
20151102_153818.jpg,1
20151105_164102.jpg,1
20151108_092535.jpg,1
20151107_091429.jpg,0
20151105_154106.jpg,0
20151102_114136.jpg,0
20151119_194636.jpg,1
20151103_104024.jpg,0
20151108_180109.jpg,0
20151109_045539.jpg,1
20151107_164439.jpg,1
20151101_234414.jpg,1
20151103_031946.jpg,1
20151104_181523.jpg,1
20151102_193147.jpg,1
20151102_172553.jpg,1
20151103_064028.jpg,0
